{
  "stage": 0,
  "benchmark": "scifact",
  "n_queries": 50,
  "recall_at_5": 0.78,
  "recall_at_10": 0.797,
  "recall_at_20": 0.797,
  "mrr": 0.6585555555555556,
  "ndcg_at_10": 0.6917257212877337,
  "hit_rate_10": 0.82,
  "latency_p50_ms": 220.20475000317674,
  "latency_p95_ms": 243.2995419949293,
  "latency_p99_ms": 255.96004200633615,
  "total_input_tokens": 0,
  "total_output_tokens": 0,
  "peak_ram_mb": 281.828125,
  "faithfulness": null,
  "answer_relevance": null,
  "context_precision": null,
  "context_recall": null,
  "saved_at": "2026-05-19T03:53:08.960537+00:00"
}