{
  "stage": 2,
  "benchmark": "ragbench",
  "n_queries": 50,
  "recall_at_5": 0.8,
  "recall_at_10": 0.8,
  "recall_at_20": 0.8,
  "mrr": 0.5496666666666666,
  "ndcg_at_10": 0.6005842905497231,
  "hit_rate_10": 0.8,
  "latency_p50_ms": 15151.94095800689,
  "latency_p95_ms": 26005.229750007857,
  "latency_p99_ms": 30718.048708993592,
  "total_input_tokens": 0,
  "total_output_tokens": 0,
  "peak_ram_mb": 1134.03125,
  "faithfulness": null,
  "answer_relevance": null,
  "context_precision": null,
  "context_recall": null,
  "saved_at": "2026-05-18T08:43:29.965098+00:00"
}