{
  "stage": 2,
  "benchmark": "ragbench",
  "n_queries": 50,
  "recall_at_5": 0.8,
  "recall_at_10": 0.8,
  "recall_at_20": 0.8,
  "mrr": 0.6266666666666667,
  "ndcg_at_10": 0.6621494535181841,
  "hit_rate_10": 0.8,
  "latency_p50_ms": 17176.191375008784,
  "latency_p95_ms": 28132.378334004898,
  "latency_p99_ms": 32884.20537499769,
  "total_input_tokens": 0,
  "total_output_tokens": 0,
  "peak_ram_mb": 2484.5625,
  "faithfulness": null,
  "answer_relevance": null,
  "context_precision": null,
  "context_recall": null,
  "saved_at": "2026-05-18T06:03:08.733203+00:00"
}