{
  "stage": 4,
  "benchmark": "multihop",
  "n_queries": 20,
  "recall_at_5": 0.8375,
  "recall_at_10": 0.85,
  "recall_at_20": 0.85,
  "mrr": 0.85,
  "ndcg_at_10": 0.8388919102512601,
  "hit_rate_10": 0.85,
  "latency_p50_ms": 53999.852832988836,
  "latency_p95_ms": 676093.2840420137,
  "latency_p99_ms": 676093.2840420137,
  "total_input_tokens": 0,
  "total_output_tokens": 0,
  "peak_ram_mb": 3099.25,
  "faithfulness": null,
  "answer_relevance": null,
  "context_precision": null,
  "context_recall": null,
  "saved_at": "2026-05-19T15:12:23.439935+00:00"
}