{
  "stage": 4,
  "benchmark": "multihop",
  "n_queries": 20,
  "recall_at_5": 0.85,
  "recall_at_10": 0.85,
  "recall_at_20": 0.85,
  "mrr": 0.85,
  "ndcg_at_10": 0.8290170539250948,
  "hit_rate_10": 0.85,
  "latency_p50_ms": 326725.2512499981,
  "latency_p95_ms": 695997.4830409919,
  "latency_p99_ms": 695997.4830409919,
  "total_input_tokens": 0,
  "total_output_tokens": 0,
  "peak_ram_mb": 338.171875,
  "faithfulness": null,
  "answer_relevance": null,
  "context_precision": null,
  "context_recall": null,
  "saved_at": "2026-05-19T15:02:34.145368+00:00"
}