{
  "stage": 3,
  "benchmark": "multihop",
  "n_queries": 5,
  "recall_at_5": 0.8666666666666667,
  "recall_at_10": 1.0,
  "recall_at_20": 1.0,
  "mrr": 1.0,
  "ndcg_at_10": 0.936162990258642,
  "hit_rate_10": 1.0,
  "latency_p50_ms": 328731.20387500967,
  "latency_p95_ms": 616468.4330419987,
  "latency_p99_ms": 616468.4330419987,
  "total_input_tokens": 0,
  "total_output_tokens": 0,
  "peak_ram_mb": 1910.65625,
  "faithfulness": null,
  "answer_relevance": null,
  "context_precision": null,
  "context_recall": null,
  "saved_at": "2026-05-19T07:05:34.044185+00:00"
}