{
  "stage": 3,
  "benchmark": "ragbench",
  "n_queries": 3,
  "recall_at_5": 1.0,
  "recall_at_10": 1.0,
  "recall_at_20": 1.0,
  "mrr": 0.23333333333333334,
  "ndcg_at_10": 0.41606864112710923,
  "hit_rate_10": 1.0,
  "latency_p50_ms": 101887.08879200567,
  "latency_p95_ms": 380182.38833399664,
  "latency_p99_ms": 380182.38833399664,
  "total_input_tokens": 0,
  "total_output_tokens": 0,
  "peak_ram_mb": 2299.734375,
  "faithfulness": null,
  "answer_relevance": null,
  "context_precision": null,
  "context_recall": null,
  "saved_at": "2026-05-18T11:17:25.365486+00:00"
}