{
  "stage": 1,
  "benchmark": "scifact",
  "n_queries": 50,
  "recall_at_5": 0.753,
  "recall_at_10": 0.852,
  "recall_at_20": 0.852,
  "mrr": 0.6977460317460318,
  "ndcg_at_10": 0.7248181802081252,
  "hit_rate_10": 0.88,
  "latency_p50_ms": 19650.513708998915,
  "latency_p95_ms": 23672.631374996854,
  "latency_p99_ms": 26911.53787499934,
  "total_input_tokens": 0,
  "total_output_tokens": 0,
  "peak_ram_mb": 6388.734375,
  "faithfulness": null,
  "answer_relevance": null,
  "context_precision": null,
  "context_recall": null,
  "saved_at": "2026-05-19T05:20:18.785142+00:00"
}